1	sato	pbkdf2:sha256:50000$7ArPzdEc$ce5d18221d0b757fd7883b976f90a221c556d4db93d29c83d7452641e3079035	0	sato.png	2018-08-08 10:33:43.000000	2018-08-23 09:51:16.022729	0
2	suzuki	pbkdf2:sha256:50000$ouJWkTrh$a9c4e8ec35985d03313bbe9d4297446a1aa3a0fed37154a935be7c0d3d29bf18	1	suzuki.png	2018-08-08 10:33:43.000000	2018-08-23 09:52:04.164237	0
3	takahashi	pbkdf2:sha256:50000$Ya5C3w5e$f135bb52022643caadbcd65d0728de29f950de7db7a87f2e4b1c436cf8f17b9f	1	takahashi.png	2018-08-08 10:33:43.000000	2018-08-23 09:52:14.315466	0
4	tanaka	pbkdf2:sha256:50000$3IKuUQ1i$1e9fd5eed34080751dee77dec292f7be455f9a9f5f812a3b0af7d0241e61b476	0	tanaka.png	2018-08-08 10:33:43.000000	2018-08-23 09:52:23.521997	0
5	ito	pbkdf2:sha256:50000$pzBF1nfW$19483cc11163fd1a0bd3538c00e038abf02809b8d0aa5b11f90fa4e603ff425d	1	ito.png	2018-08-08 10:33:43.000000	2018-08-23 09:52:31.683045	0
6	watanabe	pbkdf2:sha256:50000$xlhx2obg$4831d5b72ddb699585db828af04a7a7284e74d34f499ea7aab9fe055d1861622	0	watanabe.png	2018-08-08 10:33:43.000000	2018-08-23 09:52:42.086647	0
7	yamamoto	pbkdf2:sha256:50000$IhItyWZy$cd17f6e1756db151e7ee7b43c2c78149999d94ab7273ab084473cf685517fd11	0	yamamoto.png	2018-08-08 10:33:43.000000	2018-08-23 09:53:04.108846	0
8	nakamura	pbkdf2:sha256:50000$DKpTr0ee$f5c53e6e8ebbb404fe5fcdf5f99e3b00e21414fa53982acbf55361ab373f223e	0	nakamura.png	2018-08-08 10:33:43.000000	2018-08-23 09:53:15.853349	0
9	kobayashi	pbkdf2:sha256:50000$ZlOh6nbf$176332c0a99ba296cbf5f780c02caf6d0224ec78e6b9bab72378ca0d10509d97	1	kobayashi.png	2018-08-08 10:33:43.000000	2018-08-23 09:53:26.754501	0
10	kato	pbkdf2:sha256:50000$XTDYdBa5$8d924c028516958581856647e05c27c9ada69d83de1298089b05098ae856e2f6	0	kato.png	2018-08-08 10:33:43.000000	2018-08-23 09:53:34.898798	0
11	yoshida	pbkdf2:sha256:50000$8jSV1GML$2f5b195ef9ec620307f94b1894e8061569b31aae0ae7faebee304928a81249ff	0	yoshida.png	2018-08-08 10:33:43.000000	2018-08-23 09:53:43.762430	0
12	yamada	pbkdf2:sha256:50000$yXEkoDHF$b377f8332ec957739d95b487890fcedbd8dfbdf003e19f5d914bdc858c09703a	0	yamada.png	2018-08-08 10:33:43.000000	2018-08-23 09:53:55.426403	0
13	sasaki	pbkdf2:sha256:50000$5y72fFhB$b9d4e3325bc25dad23a640bcb6c2e67baace333b25b469b642513973fabcab50	0	sasaki.png	2018-08-08 10:33:43.000000	2018-08-23 09:54:04.445517	0
14	yamaguchi	pbkdf2:sha256:50000$bEKDknwq$2df85e65bccea0374446cade93f0fbdaa1243bbe7d68660329655b18d07a30d8	0	yamaguchi.png	2018-08-08 10:33:43.000000	2018-08-23 09:54:12.920303	0
15	matsumoto	pbkdf2:sha256:50000$BKWxs2nN$e5aa015336dd9f3c14151d7fbd245430ebae0e566a12584f711207df2b6bc202	0	matsumoto.png	2018-08-08 10:33:43.000000	2018-08-23 09:54:21.814404	0
16	inoue	pbkdf2:sha256:50000$R2CQ9142$981712cb7ca47b5b6028dd0931fb5f5bd73e07cfe8945ab982a8d84593e36d1d	0	inoue.png	2018-08-08 10:33:43.000000	2018-08-23 09:54:31.440789	0
17	kimura	pbkdf2:sha256:50000$VgKZpoqq$7e1138c756d7ee7738245bd97f8db8890f299c31bfe4f57b31d9f289f376c86b	0	kimura.png	2018-08-08 10:33:43.000000	2018-08-23 09:54:39.636863	0
18	hayashi	pbkdf2:sha256:50000$Hid8iSqk$fd8f2d0d7850f5dd345e6ae41db9b9ad3238cde3becc54d072cb036be26a5339	0	hayashi.png	2018-08-08 10:33:43.000000	2018-08-23 09:54:47.986102	0
19	saito	pbkdf2:sha256:50000$KpdS7Tj4$2b88cb2519b519b65aa4e9d6f60929168186508961180399b8e00a844b0b15fc	0	saito.png	2018-08-08 10:33:43.000000	2018-08-23 09:54:56.220772	0
20	shimizu	pbkdf2:sha256:50000$pQhe2eoo$23a39d23e6e7c1a918d3d08ab651cb21b4f7d2963683022fd713077afc56693f	0	shimizu.png	2018-08-08 10:33:43.000000	2018-08-23 10:23:30.079091	1
38	satosann	pbkdf2:sha256:50000$2kr4E3lp$25e1a97dfe8d659bbb98e1d8fc5f417669faa5d7dd63771a659073a4a6ffa38e	1	satosann.png	2018-08-27 13:23:23.894930	2018-08-27 13:23:23.894930	0
39	suzukisann	pbkdf2:sha256:50000$NPZrqAHh$28be3f5dd0e3dab9317173326fdd28f428a73197383a8abbe62d11bd146f6ccd	0	suzukisann.png	2018-08-27 13:23:53.246939	2018-08-27 13:23:53.246939	0
40	takahashisann	pbkdf2:sha256:50000$YhkjDzLD$845915ae33cfc00c81a9f9576ab487917cfd66169eed8b8f712ccab2703c4147	0	takahashisann.png	2018-08-27 13:24:17.071821	2018-08-27 13:24:17.071821	0
41	tanakasann	pbkdf2:sha256:50000$2OCziEyA$d5cf0c9e2e8d2a5c7f88eb808ef411756b30443abb4986b2f600ac01f11bea63	1	tanakasann.png	2018-08-27 13:24:38.642506	2018-08-27 13:24:38.642506	0
42	itosann	pbkdf2:sha256:50000$xvmc1GAO$90f7a6d83375683345ca766697d3981f1e6312378a4c1585fa9b8793c0544d4e	0	itosann.png	2018-08-27 13:25:21.638038	2018-08-27 13:25:21.638038	0
43	watanabesann	pbkdf2:sha256:50000$aRb7in1c$048b5dab7306f41d345db2f12872a6484e03f09f03f617763899c220ff763661	0	watanabesann.png	2018-08-27 13:25:40.020741	2018-08-27 13:25:40.020741	0
44	yamamotosann	pbkdf2:sha256:50000$MNVH86az$ce115ce73322f273003b1e30c579f84236ba5394381f462a8da62edd3789372a	0	yamamotosann.png	2018-08-27 13:25:59.626354	2018-08-27 13:25:59.626354	0
45	nakamurasann	pbkdf2:sha256:50000$7sWS5va7$d9cde6e9f43cba77a6a0e7344467ff333945fc26ac69fc372f301c3a0cb6d198	0	nakamurasann.png	2018-08-27 13:26:18.734291	2018-08-27 13:26:18.734291	0
46	kobayashisann	pbkdf2:sha256:50000$Ofs9M0NR$a02eec63edcc8eadbbcdd455c0887cda5ee6b17fb81d7c6492dd41516ee92879	0	kobayashisann.png	2018-08-27 13:26:40.985771	2018-08-27 13:26:40.985771	0
47	katosann	pbkdf2:sha256:50000$5RfHGZzx$292ec7966aec111df7dae20416792e78eb02a68920e36f9ba681d53db338e0b5	0	katosann.png	2018-08-27 13:27:10.754301	2018-08-27 13:27:10.754301	0
48	yoshidasann	pbkdf2:sha256:50000$TKyp0Jfu$7837b8c2e6275f9204a791e32fc03cac6f2a6ee823d17012f76ae761ba0e0885	0	yoshidasann.png	2018-08-27 13:27:34.523597	2018-08-27 13:27:34.523597	0
49	yamadasann	pbkdf2:sha256:50000$viufebiI$fb349b37f139ec5c79e1bf821c40b2ce7c773f08396f50063cf3dae389c7bc29	1	yamadasann.png	2018-08-27 13:27:56.816548	2018-08-27 13:27:56.816548	0
50	sasakisann	pbkdf2:sha256:50000$bSZkQwqD$8e049f8df67b3ea9fa160c0976ec1c9a71961342eaf5dd158b2b367bb61b73e6	0	sasakisann.png	2018-08-27 13:28:18.017976	2018-08-27 13:28:18.017976	0
51	yamaguchisann	pbkdf2:sha256:50000$hU6tfT9J$b5c98d810577b922d52bf28fc278cfb1dbf306951e48d36140d14b61877969ac	1	yamaguchisann.png	2018-08-27 13:28:56.801470	2018-08-27 13:28:56.801470	0
52	matsumotosann	pbkdf2:sha256:50000$ItoMCqo2$c808a6b67e8babce669a66402b903f7f7d369160f0789852423c5ff8ca987a3b	0	matsumotosann.png	2018-08-27 13:29:14.570572	2018-08-27 13:29:14.570572	0
53	inouesann	pbkdf2:sha256:50000$vMWiBmAY$ce14a7bd00f7d0cfc10e112e62002fa0797ed3abcd61bc40809832dc225d2bfc	0	inouesann.png	2018-08-27 13:29:33.068122	2018-08-27 13:29:33.068122	0
54	kimurasann	pbkdf2:sha256:50000$QRjz31Cz$0d34f0ca59596716a1fbd63299ab809fa38ebab9f67e0ec2ad5c619a1fcc83de	1	kimurasann.png	2018-08-27 13:29:52.893000	2018-08-27 13:29:52.893000	0
55	hayashisann	pbkdf2:sha256:50000$PSL70JNw$7a90ee03e8aea807e7fa39698c6c2553781dbf2687590891b3126671ccac74d7	0	hayashisann.png	2018-08-27 13:32:42.408531	2018-08-27 13:32:42.408531	0
56	saitosann	pbkdf2:sha256:50000$EI490S2A$d794a24657f46ca94033bf474aa1207e1c41286986a23289229ef077698c1c07	1	saitosann.png	2018-08-27 13:33:06.592823	2018-08-27 13:33:06.592823	0
57	shimizusann	pbkdf2:sha256:50000$MzEwSSPS$3a1658c28aecddaddb4c10c49a6ea63befabcfbcd610e9f890f1a93dfc7387c3	1	shimizusann.png	2018-08-27 13:33:24.098541	2018-08-27 13:33:24.098541	0
58	satokun	pbkdf2:sha256:50000$edZnh97I$23a4fa57c72d40aacf2f731f6a9d06b37c030514f8906e9c8c977f21ee1c3764	1	satokun.png	2018-08-27 15:09:05.687189	2018-08-27 15:09:05.687189	0
59	suzukikun	pbkdf2:sha256:50000$gAbVlESl$d15eb01ffa5ab7bb46c89906a6d00e734f67a399123c2662606f3257a594278b	0	suzukikun.png	2018-08-27 15:09:23.310753	2018-08-27 15:09:23.310753	0
60	takahashikun	pbkdf2:sha256:50000$PxLQEFAu$e45c591cc183449e999b1fcb6e8e8bbeab71ea7c0f530b07e6802afb9bb5c3b7	0	takahashikun.png	2018-08-27 15:09:43.573856	2018-08-27 15:09:43.573856	0
61	tanakakun	pbkdf2:sha256:50000$aMr49G6U$87aa7c2592a61492417cc6b172c3181741a3d74da84081654da60b1f332a361e	0	tanakakun.png	2018-08-27 15:10:00.728836	2018-08-27 15:10:00.728836	0
62	itokun	pbkdf2:sha256:50000$bpmLzjbf$2d93bc4ceeb26a4d9aa367e7a5bf1dab0cd5db999f7bf1f7b96b08a8f468d272	0	itokun.png	2018-08-27 15:10:26.265061	2018-08-27 15:10:26.265061	0
63	watanabekun	pbkdf2:sha256:50000$bjcHCV01$4712fd65ac72144b91052a372eb50da98a9fc7a280251b9ad341b24463bc2344	0	watanabekun.png	2018-08-27 15:10:42.425241	2018-08-27 15:10:42.425241	0
64	yamamotokun	pbkdf2:sha256:50000$M1H9Ib7Q$116041eef172c3044253eb87836d534d62598877e67604f088d9b3660e64769a	0	yamamotokun.png	2018-08-27 15:10:58.633675	2018-08-27 15:10:58.633675	0
65	nakamurakun	pbkdf2:sha256:50000$NfGpY7vf$cca3eee3576c14b6994b8764be67bcad7da33fe6c0aa66a7220d92a4878c02fd	0	nakamurakun.png	2018-08-27 15:11:14.421641	2018-08-27 15:11:14.421641	0
66	kobayashikun	pbkdf2:sha256:50000$jVKF9Bed$5e352d4adcd04a4a04a4b30260ee02bafa5790e69b4d3f279e215737acccbd47	0	kobayashikun.png	2018-08-27 15:11:29.976107	2018-08-27 15:11:29.976107	0
67	katokun	pbkdf2:sha256:50000$SZ01iQmx$63ff18548681dd0a9aee6055754bf747b64d3185590b0c7c24100f7175b71900	0	katokun.png	2018-08-27 15:11:46.028246	2018-08-27 15:11:46.028246	0
68	yoshidakun	pbkdf2:sha256:50000$MSnaKRWW$ad49cf8889728800fc532ce8566d66e83649fc205f6d7a3a08dd2571d23a1b0b	0	yoshidakun.png	2018-08-27 15:12:03.845491	2018-08-27 15:12:03.845491	0
69	yamadakun	pbkdf2:sha256:50000$tNxKWtbI$840344e4b0b89b6d77008c7113ba0e1a0d5d8a0abf268182b86d89bd9f83484f	0	yamadakun.png	2018-08-27 15:12:19.845260	2018-08-27 15:12:19.845260	0
70	sasakikun	pbkdf2:sha256:50000$Xhru2YB0$669ef3954abc94ae0eecbc455b25bc1b1528451f2e1dd0614b9c6753cf8ca331	0	sasakikun.png	2018-08-27 15:12:37.379557	2018-08-27 15:12:37.379557	0
71	yamaguchikun	pbkdf2:sha256:50000$kkVkGtPC$443395ce44090ca85f7be318e7c04000dadbbe4a970213409d309c47692e7725	0	yamaguchikun.png	2018-08-27 15:12:59.243547	2018-08-27 15:12:59.243547	0
72	matsumotokun	pbkdf2:sha256:50000$LoJCVg6f$08e344c48cd80132b561d20f0dea2d0cd6ffafc1706d8f7ab4a6342a7130a6de	1	matsumotokun.png	2018-08-27 15:13:21.529662	2018-08-27 15:13:21.529662	0
73	inouekun	pbkdf2:sha256:50000$W1hF9AAb$c131f52f244419f480d704c1935bf7f6a0e0842cbe98e85f42e38f5860a2509a	0	inouekun.png	2018-08-27 15:13:38.701531	2018-08-27 15:13:38.701531	0
74	kimurakun	pbkdf2:sha256:50000$UMtfNmeW$1945e621acc685e9d1a120662b1d7a15140e49c4a6f1ebd9bce4f36e3ffa0940	0	kimurakun.png	2018-08-27 15:13:58.066031	2018-08-27 15:13:58.066031	0
75	hayashikun	pbkdf2:sha256:50000$6EHQyFkV$421912b04317ce32b687efd13b0f7f2fe8144a0565928ff2e8e5f9f81d472c17	1	hayashikun.png	2018-08-27 15:14:14.377230	2018-08-27 15:14:14.377230	0
76	saitokun	pbkdf2:sha256:50000$z07uNKxo$a7c036b39ed000dc33159d9c371af0ab18e86fcd6f2dc43c409f4c8a839127b6	0	saitokun.png	2018-08-27 15:14:31.521810	2018-08-27 15:14:31.521810	0
77	shimizukun	pbkdf2:sha256:50000$O6uycB5w$5e9caac9289f3b4feed9158eeb55afe32864184465d6dea642c15ddb9f5f5f76	1	shimizukun.png	2018-08-27 15:14:46.090182	2018-08-27 15:14:46.090182	0
